{"cameraMode":{"drawMode":2,"name":"Shaded Wireframe","section":"Shading Mode"},"sceneLighting":true,"audioPlay":false,"sceneViewState":{"showFog":true,"showMaterialUpdate":true,"showSkybox":true,"showFlares":true,"showImageEffects":true,"showParticleSystems":true},"in2DMode":false,"pivot":{"x":426.07391357421877,"y":170.49526977539063,"z":107.67100524902344},"rotation":{"x":0.10897413641214371,"y":-0.07448095083236695,"z":0.008188463747501374,"w":0.9912171363830566},"size":630.875244140625,"orthographic":false}